path;link;size;format;origem
ATV - Quad Power Racing 2 (Europe) (Beta) (2002-10-11).zip;https://myrient.erista.me/files/No-Intro/Non-Redump%20-%20Nintendo%20-%20Nintendo%20GameCube/ATV%20-%20Quad%20Power%20Racing%202%20%28Europe%29%20%28Beta%29%20%282002-10-11%29.zip;1.3 GiB;ZIP;https://myrient.erista.me/files/No-Intro
Asterix & Obelix XXL (Europe) (Beta) (2004-02-25).zip;https://myrient.erista.me/files/No-Intro/Non-Redump%20-%20Nintendo%20-%20Nintendo%20GameCube/Asterix%20%26%20Obelix%20XXL%20%28Europe%29%20%28Beta%29%20%282004-02-25%29.zip;1.2 GiB;ZIP;https://myrient.erista.me/files/No-Intro
Baldur's Gate - Dark Alliance (USA) (Beta) (2002-10-14).zip;https://myrient.erista.me/files/No-Intro/Non-Redump%20-%20Nintendo%20-%20Nintendo%20GameCube/Baldur%27s%20Gate%20-%20Dark%20Alliance%20%28USA%29%20%28Beta%29%20%282002-10-14%29.zip;939.7 MiB;ZIP;https://myrient.erista.me/files/No-Intro
BattleBots (USA) (Proto).zip;https://myrient.erista.me/files/No-Intro/Non-Redump%20-%20Nintendo%20-%20Nintendo%20GameCube/BattleBots%20%28USA%29%20%28Proto%29.zip;1.3 GiB;ZIP;https://myrient.erista.me/files/No-Intro
Biohazard 4 (Japan) (Beta) (2004-09-08).zip;https://myrient.erista.me/files/No-Intro/Non-Redump%20-%20Nintendo%20-%20Nintendo%20GameCube/Biohazard%204%20%28Japan%29%20%28Beta%29%20%282004-09-08%29.zip;183.4 MiB;ZIP;https://myrient.erista.me/files/No-Intro
Biohazard 4 (Japan) (Beta) (2004-09-10).zip;https://myrient.erista.me/files/No-Intro/Non-Redump%20-%20Nintendo%20-%20Nintendo%20GameCube/Biohazard%204%20%28Japan%29%20%28Beta%29%20%282004-09-10%29.zip;183.2 MiB;ZIP;https://myrient.erista.me/files/No-Intro
Diag Ver 3.1.1 (Japan).zip;https://myrient.erista.me/files/No-Intro/Non-Redump%20-%20Nintendo%20-%20Nintendo%20GameCube/Diag%20Ver%203.1.1%20%28Japan%29.zip;1.3 GiB;ZIP;https://myrient.erista.me/files/No-Intro
Disney's Hide & Sneak (Japan) (Beta) (2003-12-01).zip;https://myrient.erista.me/files/No-Intro/Non-Redump%20-%20Nintendo%20-%20Nintendo%20GameCube/Disney%27s%20Hide%20%26%20Sneak%20%28Japan%29%20%28Beta%29%20%282003-12-01%29.zip;1.2 GiB;ZIP;https://myrient.erista.me/files/No-Intro
Dodger (Unknown) (Tech Demo) (Compiled).zip;https://myrient.erista.me/files/No-Intro/Non-Redump%20-%20Nintendo%20-%20Nintendo%20GameCube/Dodger%20%28Unknown%29%20%28Tech%20Demo%29%20%28Compiled%29.zip;22.1 MiB;ZIP;https://myrient.erista.me/files/No-Intro
Dr. Muto (Europe) (Beta) (2003-02-12).zip;https://myrient.erista.me/files/No-Intro/Non-Redump%20-%20Nintendo%20-%20Nintendo%20GameCube/Dr.%20Muto%20%28Europe%29%20%28Beta%29%20%282003-02-12%29.zip;1.2 GiB;ZIP;https://myrient.erista.me/files/No-Intro
Freestyle Street Soccer (USA) (Beta) (2003-11-24).zip;https://myrient.erista.me/files/No-Intro/Non-Redump%20-%20Nintendo%20-%20Nintendo%20GameCube/Freestyle%20Street%20Soccer%20%28USA%29%20%28Beta%29%20%282003-11-24%29.zip;1.2 GiB;ZIP;https://myrient.erista.me/files/No-Intro
Gekkan Nintendo Tentou Demo 2002.4.4 (Japan).zip;https://myrient.erista.me/files/No-Intro/Non-Redump%20-%20Nintendo%20-%20Nintendo%20GameCube/Gekkan%20Nintendo%20Tentou%20Demo%202002.4.4%20%28Japan%29.zip;1.2 GiB;ZIP;https://myrient.erista.me/files/No-Intro
Gladius (USA) (Beta) (2003-05-21).zip;https://myrient.erista.me/files/No-Intro/Non-Redump%20-%20Nintendo%20-%20Nintendo%20GameCube/Gladius%20%28USA%29%20%28Beta%29%20%282003-05-21%29.zip;1.0 GiB;ZIP;https://myrient.erista.me/files/No-Intro
Killer7 (Europe) (Disc 1) (Beta) (2005-05-11).zip;https://myrient.erista.me/files/No-Intro/Non-Redump%20-%20Nintendo%20-%20Nintendo%20GameCube/Killer7%20%28Europe%29%20%28Disc%201%29%20%28Beta%29%20%282005-05-11%29.zip;940.6 MiB;ZIP;https://myrient.erista.me/files/No-Intro
Killer7 (Europe) (Disc 1) (Beta).zip;https://myrient.erista.me/files/No-Intro/Non-Redump%20-%20Nintendo%20-%20Nintendo%20GameCube/Killer7%20%28Europe%29%20%28Disc%201%29%20%28Beta%29.zip;931.5 MiB;ZIP;https://myrient.erista.me/files/No-Intro
Killer7 (Europe) (Disc 2) (Beta) (2005-05-11).zip;https://myrient.erista.me/files/No-Intro/Non-Redump%20-%20Nintendo%20-%20Nintendo%20GameCube/Killer7%20%28Europe%29%20%28Disc%202%29%20%28Beta%29%20%282005-05-11%29.zip;617.1 MiB;ZIP;https://myrient.erista.me/files/No-Intro
Killer7 (Europe) (Disc 2) (Beta).zip;https://myrient.erista.me/files/No-Intro/Non-Redump%20-%20Nintendo%20-%20Nintendo%20GameCube/Killer7%20%28Europe%29%20%28Disc%202%29%20%28Beta%29.zip;607.6 MiB;ZIP;https://myrient.erista.me/files/No-Intro
Killer7 (Japan) (Disc 1) (Beta) (2005-06-03).zip;https://myrient.erista.me/files/No-Intro/Non-Redump%20-%20Nintendo%20-%20Nintendo%20GameCube/Killer7%20%28Japan%29%20%28Disc%201%29%20%28Beta%29%20%282005-06-03%29.zip;927.2 MiB;ZIP;https://myrient.erista.me/files/No-Intro
Killer7 (Japan) (Disc 2) (Beta) (2005-06-03).zip;https://myrient.erista.me/files/No-Intro/Non-Redump%20-%20Nintendo%20-%20Nintendo%20GameCube/Killer7%20%28Japan%29%20%28Disc%202%29%20%28Beta%29%20%282005-06-03%29.zip;610.7 MiB;ZIP;https://myrient.erista.me/files/No-Intro
Major League Baseball 2K6 (USA) (Beta) (2006-05-18).zip;https://myrient.erista.me/files/No-Intro/Non-Redump%20-%20Nintendo%20-%20Nintendo%20GameCube/Major%20League%20Baseball%202K6%20%28USA%29%20%28Beta%29%20%282006-05-18%29.zip;1.2 GiB;ZIP;https://myrient.erista.me/files/No-Intro
Metal Gear Solid - The Twin Snakes (USA) (Disc 1) (Beta).zip;https://myrient.erista.me/files/No-Intro/Non-Redump%20-%20Nintendo%20-%20Nintendo%20GameCube/Metal%20Gear%20Solid%20-%20The%20Twin%20Snakes%20%28USA%29%20%28Disc%201%29%20%28Beta%29.zip;1.3 GiB;ZIP;https://myrient.erista.me/files/No-Intro
Metal Gear Solid - The Twin Snakes (USA) (Disc 2) (Beta).zip;https://myrient.erista.me/files/No-Intro/Non-Redump%20-%20Nintendo%20-%20Nintendo%20GameCube/Metal%20Gear%20Solid%20-%20The%20Twin%20Snakes%20%28USA%29%20%28Disc%202%29%20%28Beta%29.zip;1.3 GiB;ZIP;https://myrient.erista.me/files/No-Intro
Midway Arcade Treasures 3 (USA) (Beta) (2005-02-04) [b].zip;https://myrient.erista.me/files/No-Intro/Non-Redump%20-%20Nintendo%20-%20Nintendo%20GameCube/Midway%20Arcade%20Treasures%203%20%28USA%29%20%28Beta%29%20%282005-02-04%29%20%5Bb%5D.zip;629.3 MiB;ZIP;https://myrient.erista.me/files/No-Intro
NDDEMO (Unknown) (v1.0.7) (Tech Demo) (Loose).zip;https://myrient.erista.me/files/No-Intro/Non-Redump%20-%20Nintendo%20-%20Nintendo%20GameCube/NDDEMO%20%28Unknown%29%20%28v1.0.7%29%20%28Tech%20Demo%29%20%28Loose%29.zip;16.9 MiB;ZIP;https://myrient.erista.me/files/No-Intro
NDDEMO (Unknown) (v1.0.8) (Tech Demo) (Compiled).zip;https://myrient.erista.me/files/No-Intro/Non-Redump%20-%20Nintendo%20-%20Nintendo%20GameCube/NDDEMO%20%28Unknown%29%20%28v1.0.8%29%20%28Tech%20Demo%29%20%28Compiled%29.zip;17.2 MiB;ZIP;https://myrient.erista.me/files/No-Intro
Need for Speed - Underground (Europe) (PZHP) [b].zip;https://myrient.erista.me/files/No-Intro/Non-Redump%20-%20Nintendo%20-%20Nintendo%20GameCube/Need%20for%20Speed%20-%20Underground%20%28Europe%29%20%28PZHP%29%20%5Bb%5D.zip;1.1 GiB;ZIP;https://myrient.erista.me/files/No-Intro
Outlaw Golf (Europe) (En,Fr,De) (Beta) (2003-02-28).zip;https://myrient.erista.me/files/No-Intro/Non-Redump%20-%20Nintendo%20-%20Nintendo%20GameCube/Outlaw%20Golf%20%28Europe%29%20%28En%2CFr%2CDe%29%20%28Beta%29%20%282003-02-28%29.zip;870.6 MiB;ZIP;https://myrient.erista.me/files/No-Intro
P.N.03 (USA) (Beta) (2003-05-08).zip;https://myrient.erista.me/files/No-Intro/Non-Redump%20-%20Nintendo%20-%20Nintendo%20GameCube/P.N.03%20%28USA%29%20%28Beta%29%20%282003-05-08%29.zip;1.3 GiB;ZIP;https://myrient.erista.me/files/No-Intro
Pokemon Distributing Machine (USA) (v1.0.1) [b].zip;https://myrient.erista.me/files/No-Intro/Non-Redump%20-%20Nintendo%20-%20Nintendo%20GameCube/Pokemon%20Distributing%20Machine%20%28USA%29%20%28v1.0.1%29%20%5Bb%5D.zip;43.5 MiB;ZIP;https://myrient.erista.me/files/No-Intro
Pokemon Distributing Machine (USA) (v2.0.1) [b].zip;https://myrient.erista.me/files/No-Intro/Non-Redump%20-%20Nintendo%20-%20Nintendo%20GameCube/Pokemon%20Distributing%20Machine%20%28USA%29%20%28v2.0.1%29%20%5Bb%5D.zip;44.1 MiB;ZIP;https://myrient.erista.me/files/No-Intro
Radio Allergy (USA) (Proto) (2007-03-23).zip;https://myrient.erista.me/files/No-Intro/Non-Redump%20-%20Nintendo%20-%20Nintendo%20GameCube/Radio%20Allergy%20%28USA%29%20%28Proto%29%20%282007-03-23%29.zip;1.3 GiB;ZIP;https://myrient.erista.me/files/No-Intro
Rayman Arena (USA) (En,Fr,Es) (Beta) (2002-03-12).zip;https://myrient.erista.me/files/No-Intro/Non-Redump%20-%20Nintendo%20-%20Nintendo%20GameCube/Rayman%20Arena%20%28USA%29%20%28En%2CFr%2CEs%29%20%28Beta%29%20%282002-03-12%29.zip;1.2 GiB;ZIP;https://myrient.erista.me/files/No-Intro
Resident Evil 4 (Europe) (En,Fr,De,Es,It) (Disc 1) (Beta) (2005-01-17).zip;https://myrient.erista.me/files/No-Intro/Non-Redump%20-%20Nintendo%20-%20Nintendo%20GameCube/Resident%20Evil%204%20%28Europe%29%20%28En%2CFr%2CDe%2CEs%2CIt%29%20%28Disc%201%29%20%28Beta%29%20%282005-01-17%29.zip;1.1 GiB;ZIP;https://myrient.erista.me/files/No-Intro
Resident Evil 4 (Europe) (En,Fr,De,Es,It) (Disc 2) (Beta) (2005-01-17).zip;https://myrient.erista.me/files/No-Intro/Non-Redump%20-%20Nintendo%20-%20Nintendo%20GameCube/Resident%20Evil%204%20%28Europe%29%20%28En%2CFr%2CDe%2CEs%2CIt%29%20%28Disc%202%29%20%28Beta%29%20%282005-01-17%29.zip;1.1 GiB;ZIP;https://myrient.erista.me/files/No-Intro
Resident Evil 4 (USA) (Beta) (E3 Ver.) (2004-04-13).zip;https://myrient.erista.me/files/No-Intro/Non-Redump%20-%20Nintendo%20-%20Nintendo%20GameCube/Resident%20Evil%204%20%28USA%29%20%28Beta%29%20%28E3%20Ver.%29%20%282004-04-13%29.zip;1.3 GiB;ZIP;https://myrient.erista.me/files/No-Intro
Resident Evil 4 (USA) (Disc 1) (Beta) (2004-09-27).zip;https://myrient.erista.me/files/No-Intro/Non-Redump%20-%20Nintendo%20-%20Nintendo%20GameCube/Resident%20Evil%204%20%28USA%29%20%28Disc%201%29%20%28Beta%29%20%282004-09-27%29.zip;1.3 GiB;ZIP;https://myrient.erista.me/files/No-Intro
Resident Evil 4 (USA) (Disc 1) (Beta) (2004-11-25).zip;https://myrient.erista.me/files/No-Intro/Non-Redump%20-%20Nintendo%20-%20Nintendo%20GameCube/Resident%20Evil%204%20%28USA%29%20%28Disc%201%29%20%28Beta%29%20%282004-11-25%29.zip;1.1 GiB;ZIP;https://myrient.erista.me/files/No-Intro
Resident Evil 4 (USA) (Disc 2) (Beta) (2004-11-25).zip;https://myrient.erista.me/files/No-Intro/Non-Redump%20-%20Nintendo%20-%20Nintendo%20GameCube/Resident%20Evil%204%20%28USA%29%20%28Disc%202%29%20%28Beta%29%20%282004-11-25%29.zip;1.1 GiB;ZIP;https://myrient.erista.me/files/No-Intro
Smashing Drive (USA) (Beta) (2001-11-05).zip;https://myrient.erista.me/files/No-Intro/Non-Redump%20-%20Nintendo%20-%20Nintendo%20GameCube/Smashing%20Drive%20%28USA%29%20%28Beta%29%20%282001-11-05%29.zip;1.3 GiB;ZIP;https://myrient.erista.me/files/No-Intro
Sonic Adventure 2 - Battle (Japan) (Beta) (2001-11-29).zip;https://myrient.erista.me/files/No-Intro/Non-Redump%20-%20Nintendo%20-%20Nintendo%20GameCube/Sonic%20Adventure%202%20-%20Battle%20%28Japan%29%20%28Beta%29%20%282001-11-29%29.zip;1.2 GiB;ZIP;https://myrient.erista.me/files/No-Intro
Sonic Adventure 2 - Battle (USA) (Beta).zip;https://myrient.erista.me/files/No-Intro/Non-Redump%20-%20Nintendo%20-%20Nintendo%20GameCube/Sonic%20Adventure%202%20-%20Battle%20%28USA%29%20%28Beta%29.zip;1.1 GiB;ZIP;https://myrient.erista.me/files/No-Intro
Sonic Adventure DX (Japan) (Beta).zip;https://myrient.erista.me/files/No-Intro/Non-Redump%20-%20Nintendo%20-%20Nintendo%20GameCube/Sonic%20Adventure%20DX%20%28Japan%29%20%28Beta%29.zip;1.1 GiB;ZIP;https://myrient.erista.me/files/No-Intro
Sonic Adventure DX - Director's Cut (USA) (Beta).zip;https://myrient.erista.me/files/No-Intro/Non-Redump%20-%20Nintendo%20-%20Nintendo%20GameCube/Sonic%20Adventure%20DX%20-%20Director%27s%20Cut%20%28USA%29%20%28Beta%29.zip;1.1 GiB;ZIP;https://myrient.erista.me/files/No-Intro
Sonic Heroes (USA) (Beta) (2003-10-08).zip;https://myrient.erista.me/files/No-Intro/Non-Redump%20-%20Nintendo%20-%20Nintendo%20GameCube/Sonic%20Heroes%20%28USA%29%20%28Beta%29%20%282003-10-08%29.zip;1.1 GiB;ZIP;https://myrient.erista.me/files/No-Intro
Sonic Heroes (USA) (Beta) (2003-11-18).zip;https://myrient.erista.me/files/No-Intro/Non-Redump%20-%20Nintendo%20-%20Nintendo%20GameCube/Sonic%20Heroes%20%28USA%29%20%28Beta%29%20%282003-11-18%29.zip;1.1 GiB;ZIP;https://myrient.erista.me/files/No-Intro
Sonic Heroes (USA) (Beta) (E3).zip;https://myrient.erista.me/files/No-Intro/Non-Redump%20-%20Nintendo%20-%20Nintendo%20GameCube/Sonic%20Heroes%20%28USA%29%20%28Beta%29%20%28E3%29.zip;1.3 GiB;ZIP;https://myrient.erista.me/files/No-Intro
Sonic Mega Collection (USA) (Beta) (2005-08-15).zip;https://myrient.erista.me/files/No-Intro/Non-Redump%20-%20Nintendo%20-%20Nintendo%20GameCube/Sonic%20Mega%20Collection%20%28USA%29%20%28Beta%29%20%282005-08-15%29.zip;1.2 GiB;ZIP;https://myrient.erista.me/files/No-Intro
Super Mario Sunshine (World) (En,Ja,Fr,De,Es,It) (Super Mario 3D All-Stars).zip;https://myrient.erista.me/files/No-Intro/Non-Redump%20-%20Nintendo%20-%20Nintendo%20GameCube/Super%20Mario%20Sunshine%20%28World%29%20%28En%2CJa%2CFr%2CDe%2CEs%2CIt%29%20%28Super%20Mario%203D%20All-Stars%29.zip;295.1 MiB;ZIP;https://myrient.erista.me/files/No-Intro
WWE Day of Reckoning 2 (Europe) (Beta).zip;https://myrient.erista.me/files/No-Intro/Non-Redump%20-%20Nintendo%20-%20Nintendo%20GameCube/WWE%20Day%20of%20Reckoning%202%20%28Europe%29%20%28Beta%29.zip;1.0 GiB;ZIP;https://myrient.erista.me/files/No-Intro
Wireless Receiver Test (World) (v1.3.2).zip;https://myrient.erista.me/files/No-Intro/Non-Redump%20-%20Nintendo%20-%20Nintendo%20GameCube/Wireless%20Receiver%20Test%20%28World%29%20%28v1.3.2%29.zip;1.4 GiB;ZIP;https://myrient.erista.me/files/No-Intro
XGIII - Extreme G Racing (Europe) (Beta) (2002-02-19) [b].zip;https://myrient.erista.me/files/No-Intro/Non-Redump%20-%20Nintendo%20-%20Nintendo%20GameCube/XGIII%20-%20Extreme%20G%20Racing%20%28Europe%29%20%28Beta%29%20%282002-02-19%29%20%5Bb%5D.zip;546.4 MiB;ZIP;https://myrient.erista.me/files/No-Intro
Zapper (USA) (Beta) (2002-09-12).zip;https://myrient.erista.me/files/No-Intro/Non-Redump%20-%20Nintendo%20-%20Nintendo%20GameCube/Zapper%20%28USA%29%20%28Beta%29%20%282002-09-12%29.zip;740.6 MiB;ZIP;https://myrient.erista.me/files/No-Intro
