name,url
007 - Blood Stone (US - EU).iso,https://archive.org/download/CentralArquivista-XBOX360-part1/007 - Blood Stone (US - EU).iso
007 - Ein Quantum Trost (DE).iso,https://archive.org/download/CentralArquivista-XBOX360-part1/007 - Ein Quantum Trost (DE).iso
007 - Legends (US).iso,https://archive.org/download/CentralArquivista-XBOX360-part1/007 - Legends (US).iso
007 - Nagusame no Houshuu (JP).iso,https://archive.org/download/CentralArquivista-XBOX360-part1/007 - Nagusame no Houshuu (JP).iso
007 - Quantum of Solace (ES).iso,https://archive.org/download/CentralArquivista-XBOX360-part1/007 - Quantum of Solace (ES).iso
007 - Quantum of Solace (IT).iso,https://archive.org/download/CentralArquivista-XBOX360-part1/007 - Quantum of Solace (IT).iso
007 - Quantum of Solace (US - EU).iso,https://archive.org/download/CentralArquivista-XBOX360-part1/007 - Quantum of Solace (US - EU).iso
11eyes CrossOver (JP).iso,https://archive.org/download/CentralArquivista-XBOX360-part1/11eyes CrossOver (JP).iso
2010 FIFA World Cup - Minami Africa Taikai (JP).iso,https://archive.org/download/CentralArquivista-XBOX360-part1/2010 FIFA World Cup - Minami Africa Taikai (JP).iso
"2010 FIFA World Cup - South Africa (EU) (En,Es,Nl).iso","https://archive.org/download/CentralArquivista-XBOX360-part1/2010 FIFA World Cup - South Africa (EU) (En,Es,Nl).iso"
"2010 FIFA World Cup - South Africa (EU) (Fr,De,It).iso","https://archive.org/download/CentralArquivista-XBOX360-part1/2010 FIFA World Cup - South Africa (EU) (Fr,De,It).iso"
2010 FIFA World Cup - South Africa (US - AS).iso,https://archive.org/download/CentralArquivista-XBOX360-part1/2010 FIFA World Cup - South Africa (US - AS).iso
"2014 FIFA World Cup - Brazil (EU) (En,De,It).iso","https://archive.org/download/CentralArquivista-XBOX360-part1/2014 FIFA World Cup - Brazil (EU) (En,De,It).iso"
"2014 FIFA World Cup - Brazil (EU) (Fr,Es,Nl).iso","https://archive.org/download/CentralArquivista-XBOX360-part1/2014 FIFA World Cup - Brazil (EU) (Fr,Es,Nl).iso"
2014 FIFA World Cup - Brazil (JP).iso,https://archive.org/download/CentralArquivista-XBOX360-part1/2014 FIFA World Cup - Brazil (JP).iso
2014 FIFA World Cup - Brazil (US).iso,https://archive.org/download/CentralArquivista-XBOX360-part1/2014 FIFA World Cup - Brazil (US).iso
50 Cent - Blood on the Sand (JP).iso,https://archive.org/download/CentralArquivista-XBOX360-part1/50 Cent - Blood on the Sand (JP).iso
50 Cent - Blood on the Sand (US - EU).iso,https://archive.org/download/CentralArquivista-XBOX360-part1/50 Cent - Blood on the Sand (US - EU).iso
A Ressha de Ikou HX (JP).iso,https://archive.org/download/CentralArquivista-XBOX360-part1/A Ressha de Ikou HX (JP).iso
ABC Wipeout 3 (US).iso,https://archive.org/download/CentralArquivista-XBOX360-part1/ABC Wipeout 3 (US).iso
AC-DC Live - Rock Band (EU).iso,https://archive.org/download/CentralArquivista-XBOX360-part1/AC-DC Live - Rock Band (EU).iso
AC-DC Live - Rock Band Track Pack (US).iso,https://archive.org/download/CentralArquivista-XBOX360-part1/AC-DC Live - Rock Band Track Pack (US).iso
AFL Live (AU).iso,https://archive.org/download/CentralArquivista-XBOX360-part1/AFL Live (AU).iso
AFL Live 2 (AU).iso,https://archive.org/download/CentralArquivista-XBOX360-part1/AFL Live 2 (AU).iso
Absolute - Blazing Infinity (JP).iso,https://archive.org/download/CentralArquivista-XBOX360-part1/Absolute - Blazing Infinity (JP).iso
Ace Combat - Assault Horizon (EU).iso,https://archive.org/download/CentralArquivista-XBOX360-part1/Ace Combat - Assault Horizon (EU).iso
Ace Combat - Assault Horizon (JP).iso,https://archive.org/download/CentralArquivista-XBOX360-part1/Ace Combat - Assault Horizon (JP).iso
Ace Combat - Assault Horizon (US).iso,https://archive.org/download/CentralArquivista-XBOX360-part1/Ace Combat - Assault Horizon (US).iso
Ace Combat 6 - Fires of Liberation (EU)(Rev-1).iso,https://archive.org/download/CentralArquivista-XBOX360-part1/Ace Combat 6 - Fires of Liberation (EU)(Rev-1).iso
Ace Combat 6 - Fires of Liberation (EU).iso,https://archive.org/download/CentralArquivista-XBOX360-part1/Ace Combat 6 - Fires of Liberation (EU).iso
Ace Combat 6 - Fires of Liberation (US - JP).iso,https://archive.org/download/CentralArquivista-XBOX360-part1/Ace Combat 6 - Fires of Liberation (US - JP).iso
Ace Combat 6 - Kaihou e no Senka (JP - AS).iso,https://archive.org/download/CentralArquivista-XBOX360-part1/Ace Combat 6 - Kaihou e no Senka (JP - AS).iso
Adidas miCoach (EU) - Disc-1.iso,https://archive.org/download/CentralArquivista-XBOX360-part1/Adidas miCoach (EU) - Disc-1.iso
Adidas miCoach (EU) - Disc-2.iso,https://archive.org/download/CentralArquivista-XBOX360-part1/Adidas miCoach (EU) - Disc-2.iso
Adidas miCoach (US) - Disc-1.iso,https://archive.org/download/CentralArquivista-XBOX360-part1/Adidas miCoach (US) - Disc-1.iso
Adidas miCoach (US) - Disc-2.iso,https://archive.org/download/CentralArquivista-XBOX360-part1/Adidas miCoach (US) - Disc-2.iso
Adrenalin Misfits (US).iso,https://archive.org/download/CentralArquivista-XBOX360-part1/Adrenalin Misfits (US).iso
Adventure Time - Explore the Dungeon Because I Dont Know! (US - EU)).iso,https://archive.org/download/CentralArquivista-XBOX360-part1/Adventure Time - Explore the Dungeon Because I Dont Know! (US - EU)).iso
Adventure Time - Finn and Jake Investigations (US).iso,https://archive.org/download/CentralArquivista-XBOX360-part1/Adventure Time - Finn and Jake Investigations (US).iso
Adventure Time - The Secret of the Nameless Kingdom (US - AU).iso,https://archive.org/download/CentralArquivista-XBOX360-part1/Adventure Time - The Secret of the Nameless Kingdom (US - AU).iso
Afro Samurai (EU).iso,https://archive.org/download/CentralArquivista-XBOX360-part1/Afro Samurai (EU).iso
Afro Samurai (US).iso,https://archive.org/download/CentralArquivista-XBOX360-part1/Afro Samurai (US).iso
Agarest Senki - Re-appearance (JP).iso,https://archive.org/download/CentralArquivista-XBOX360-part1/Agarest Senki - Re-appearance (JP).iso
Agarest Senki Zero - Dawn of War (JP).iso,https://archive.org/download/CentralArquivista-XBOX360-part1/Agarest Senki Zero - Dawn of War (JP).iso
Air Conflicts - Pacific Carriers (EU).iso,https://archive.org/download/CentralArquivista-XBOX360-part1/Air Conflicts - Pacific Carriers (EU).iso
Air Conflicts - Secret Wars (US).iso,https://archive.org/download/CentralArquivista-XBOX360-part1/Air Conflicts - Secret Wars (US).iso
Air Conflicts - Vietnam (US).iso,https://archive.org/download/CentralArquivista-XBOX360-part1/Air Conflicts - Vietnam (US).iso
Akai Katana (US).iso,https://archive.org/download/CentralArquivista-XBOX360-part1/Akai Katana (US).iso
Akai Katana Shin (JP).iso,https://archive.org/download/CentralArquivista-XBOX360-part1/Akai Katana Shin (JP).iso
Akatsuki no Amaneka to Aoi Kyojin - Pashiate Bunmei Kenkyuukai Koubouki (JP).iso,https://archive.org/download/CentralArquivista-XBOX360-part1/Akatsuki no Amaneka to Aoi Kyojin - Pashiate Bunmei Kenkyuukai Koubouki (JP).iso
Alan Wake (US - EU) (Bonus Disc).iso,https://archive.org/download/CentralArquivista-XBOX360-part1/Alan Wake (US - EU) (Bonus Disc).iso
Alan Wake (WR).iso,https://archive.org/download/CentralArquivista-XBOX360-part1/Alan Wake (WR).iso
Alice - Madness Returns (US - EU).iso,https://archive.org/download/CentralArquivista-XBOX360-part1/Alice - Madness Returns (US - EU).iso
Alien - Isolation (US - EU) (Installation Disc) - Disc-1.iso,https://archive.org/download/CentralArquivista-XBOX360-part1/Alien - Isolation (US - EU) (Installation Disc) - Disc-1.iso
Alien - Isolation (US) - Disc-2.iso,https://archive.org/download/CentralArquivista-XBOX360-part1/Alien - Isolation (US) - Disc-2.iso
Alien Breed - Trilogy (EU).iso,https://archive.org/download/CentralArquivista-XBOX360-part1/Alien Breed - Trilogy (EU).iso
Alien vs Predator (US - EU).iso,https://archive.org/download/CentralArquivista-XBOX360-part1/Alien vs Predator (US - EU).iso
Aliens - Colonial Marines (RU).iso,https://archive.org/download/CentralArquivista-XBOX360-part1/Aliens - Colonial Marines (RU).iso
Aliens - Colonial Marines (US - EU).iso,https://archive.org/download/CentralArquivista-XBOX360-part1/Aliens - Colonial Marines (US - EU).iso
Alone in the Dark (US - EU).iso,https://archive.org/download/CentralArquivista-XBOX360-part1/Alone in the Dark (US - EU).iso
Alpha Protocol (US - EU).iso,https://archive.org/download/CentralArquivista-XBOX360-part1/Alpha Protocol (US - EU).iso
Alvin and the Chipmunks - Chipwrecked (US).iso,https://archive.org/download/CentralArquivista-XBOX360-part1/Alvin and the Chipmunks - Chipwrecked (US).iso
America Army - True Soldiers (US).iso,https://archive.org/download/CentralArquivista-XBOX360-part1/America Army - True Soldiers (US).iso
Amped 3 (EU).iso,https://archive.org/download/CentralArquivista-XBOX360-part1/Amped 3 (EU).iso
Amped 3 (US).iso,https://archive.org/download/CentralArquivista-XBOX360-part1/Amped 3 (US).iso
Anarchy Reigns and Max Anarchy (US - JP).iso,https://archive.org/download/CentralArquivista-XBOX360-part1/Anarchy Reigns and Max Anarchy (US - JP).iso
Angry Birds Star Wars (US).iso,https://archive.org/download/CentralArquivista-XBOX360-part1/Angry Birds Star Wars (US).iso
Angry Birds Trilogy (US - EU).iso,https://archive.org/download/CentralArquivista-XBOX360-part1/Angry Birds Trilogy (US - EU).iso
Apache - Air Assault (US).iso,https://archive.org/download/CentralArquivista-XBOX360-part1/Apache - Air Assault (US).iso
Apocalypse - Desire Next (JP).iso,https://archive.org/download/CentralArquivista-XBOX360-part1/Apocalypse - Desire Next (JP).iso
Aquazone - Life Simulator (JP).iso,https://archive.org/download/CentralArquivista-XBOX360-part1/Aquazone - Life Simulator (JP).iso
Arcana Heart 3 (EU).iso,https://archive.org/download/CentralArquivista-XBOX360-part1/Arcana Heart 3 (EU).iso
Arcana Heart 3 (JP).iso,https://archive.org/download/CentralArquivista-XBOX360-part1/Arcana Heart 3 (JP).iso
Arcania - Gothic 4 (JP).iso,https://archive.org/download/CentralArquivista-XBOX360-part1/Arcania - Gothic 4 (JP).iso
Arcania - Gothic 4 (US).iso,https://archive.org/download/CentralArquivista-XBOX360-part1/Arcania - Gothic 4 (US).iso
Arcania - The Complete Tale (EU).iso,https://archive.org/download/CentralArquivista-XBOX360-part1/Arcania - The Complete Tale (EU).iso
Are You Smarter Than a 5th Grader Game Time (US).iso,https://archive.org/download/CentralArquivista-XBOX360-part1/Are You Smarter Than a 5th Grader Game Time (US).iso
Armored Core - For Answer (EU).iso,https://archive.org/download/CentralArquivista-XBOX360-part1/Armored Core - For Answer (EU).iso
Armored Core - For Answer (JP).iso,https://archive.org/download/CentralArquivista-XBOX360-part1/Armored Core - For Answer (JP).iso
Armored Core - For Answer (US).iso,https://archive.org/download/CentralArquivista-XBOX360-part1/Armored Core - For Answer (US).iso
Armored Core - Verdict Day (JP).iso,https://archive.org/download/CentralArquivista-XBOX360-part1/Armored Core - Verdict Day (JP).iso
Armored Core - Verdict Day (US).iso,https://archive.org/download/CentralArquivista-XBOX360-part1/Armored Core - Verdict Day (US).iso
Armored Core 4 (EU).iso,https://archive.org/download/CentralArquivista-XBOX360-part1/Armored Core 4 (EU).iso
Armored Core 4 (JP - KO).iso,https://archive.org/download/CentralArquivista-XBOX360-part1/Armored Core 4 (JP - KO).iso
Armored Core 4 (US).iso,https://archive.org/download/CentralArquivista-XBOX360-part1/Armored Core 4 (US).iso
Armored Core 5 (AS).iso,https://archive.org/download/CentralArquivista-XBOX360-part1/Armored Core 5 (AS).iso
Armored Core 5 (EU).iso,https://archive.org/download/CentralArquivista-XBOX360-part1/Armored Core 5 (EU).iso
Armored Core 5 (JP).iso,https://archive.org/download/CentralArquivista-XBOX360-part1/Armored Core 5 (JP).iso
Armored Core 5 (US).iso,https://archive.org/download/CentralArquivista-XBOX360-part1/Armored Core 5 (US).iso
Army of Two (EU).iso,https://archive.org/download/CentralArquivista-XBOX360-part1/Army of Two (EU).iso
Army of Two (JP).iso,https://archive.org/download/CentralArquivista-XBOX360-part1/Army of Two (JP).iso
Army of Two (KO).iso,https://archive.org/download/CentralArquivista-XBOX360-part1/Army of Two (KO).iso
Army of Two (US).iso,https://archive.org/download/CentralArquivista-XBOX360-part1/Army of Two (US).iso
Army of Two - The 40th Day (JP).iso,https://archive.org/download/CentralArquivista-XBOX360-part1/Army of Two - The 40th Day (JP).iso
Army of Two - The 40th Day (US - AU).iso,https://archive.org/download/CentralArquivista-XBOX360-part1/Army of Two - The 40th Day (US - AU).iso
Army of Two - The Devil Cartel (DE).iso,https://archive.org/download/CentralArquivista-XBOX360-part1/Army of Two - The Devil Cartel (DE).iso
Army of Two - The Devil Cartel (EU).iso,https://archive.org/download/CentralArquivista-XBOX360-part1/Army of Two - The Devil Cartel (EU).iso
Army of Two - The Devil Cartel (US - EU).iso,https://archive.org/download/CentralArquivista-XBOX360-part1/Army of Two - The Devil Cartel (US - EU).iso
Ashes Cricket 2009 (EU).iso,https://archive.org/download/CentralArquivista-XBOX360-part1/Ashes Cricket 2009 (EU).iso
Assassins Creed (JP).iso,https://archive.org/download/CentralArquivista-XBOX360-part1/Assassins Creed (JP).iso
Assassins Creed (PL).iso,https://archive.org/download/CentralArquivista-XBOX360-part1/Assassins Creed (PL).iso
Assassins Creed (US - EU) (Rev-1).iso,https://archive.org/download/CentralArquivista-XBOX360-part1/Assassins Creed (US - EU) (Rev-1).iso
Assassins Creed (US - EU).iso,https://archive.org/download/CentralArquivista-XBOX360-part1/Assassins Creed (US - EU).iso
Assassins Creed - Brotherhood (EU - AS).iso,https://archive.org/download/CentralArquivista-XBOX360-part1/Assassins Creed - Brotherhood (EU - AS).iso
Assassins Creed - Brotherhood (EU).iso,https://archive.org/download/CentralArquivista-XBOX360-part1/Assassins Creed - Brotherhood (EU).iso
Assassins Creed - Brotherhood (JP).iso,https://archive.org/download/CentralArquivista-XBOX360-part1/Assassins Creed - Brotherhood (JP).iso
Assassins Creed - Brotherhood (KO).iso,https://archive.org/download/CentralArquivista-XBOX360-part1/Assassins Creed - Brotherhood (KO).iso
Assassins Creed - Brotherhood (US - EU).iso,https://archive.org/download/CentralArquivista-XBOX360-part1/Assassins Creed - Brotherhood (US - EU).iso
Assassins Creed - Revelations (EU - AU).iso,https://archive.org/download/CentralArquivista-XBOX360-part1/Assassins Creed - Revelations (EU - AU).iso
Assassins Creed - Revelations (JP).iso,https://archive.org/download/CentralArquivista-XBOX360-part1/Assassins Creed - Revelations (JP).iso
Assassins Creed - Revelations (KO).iso,https://archive.org/download/CentralArquivista-XBOX360-part1/Assassins Creed - Revelations (KO).iso
Assassins Creed - Revelations (US - EU).iso,https://archive.org/download/CentralArquivista-XBOX360-part1/Assassins Creed - Revelations (US - EU).iso
Assassins Creed - Rogue (EU).iso,https://archive.org/download/CentralArquivista-XBOX360-part1/Assassins Creed - Rogue (EU).iso
Assassins Creed - Rogue (US - EU).iso,https://archive.org/download/CentralArquivista-XBOX360-part1/Assassins Creed - Rogue (US - EU).iso
Assassins Creed 2 (EU).iso,https://archive.org/download/CentralArquivista-XBOX360-part1/Assassins Creed 2 (EU).iso
Assassins Creed 2 (JP).iso,https://archive.org/download/CentralArquivista-XBOX360-part1/Assassins Creed 2 (JP).iso
Assassins Creed 2 (KO).iso,https://archive.org/download/CentralArquivista-XBOX360-part1/Assassins Creed 2 (KO).iso
Assassins Creed 2 (UK).iso,https://archive.org/download/CentralArquivista-XBOX360-part1/Assassins Creed 2 (UK).iso
Assassins Creed 2 (WR).iso,https://archive.org/download/CentralArquivista-XBOX360-part1/Assassins Creed 2 (WR).iso
"Assassins Creed 2 - Game of the Year Edition (EU) (It,Pl,Ru).iso","https://archive.org/download/CentralArquivista-XBOX360-part1/Assassins Creed 2 - Game of the Year Edition (EU) (It,Pl,Ru).iso"
Assassins Creed 2 - Game of the Year Edition (EU).iso,https://archive.org/download/CentralArquivista-XBOX360-part1/Assassins Creed 2 - Game of the Year Edition (EU).iso
Assassins Creed 2 - Special Edition (JP).iso,https://archive.org/download/CentralArquivista-XBOX360-part1/Assassins Creed 2 - Special Edition (JP).iso
Assassins Creed 3 (EU) (Rev-1) - Disc-1.iso,https://archive.org/download/CentralArquivista-XBOX360-part1/Assassins Creed 3 (EU) (Rev-1) - Disc-1.iso
Assassins Creed 3 (EU) (Rev-1) - Disc-2.iso,https://archive.org/download/CentralArquivista-XBOX360-part1/Assassins Creed 3 (EU) (Rev-1) - Disc-2.iso
Assassins Creed 3 (EU) - Disc-1.iso,https://archive.org/download/CentralArquivista-XBOX360-part1/Assassins Creed 3 (EU) - Disc-1.iso
Assassins Creed 3 (EU) - Disc-2.iso,https://archive.org/download/CentralArquivista-XBOX360-part1/Assassins Creed 3 (EU) - Disc-2.iso
A-Train HX (EU).iso,https://archive.org/download/CentralArquivista-XBOX360-part2/A-Train HX (EU).iso
Assassins Creed 3 (EU - AS) - Disc-1.iso,https://archive.org/download/CentralArquivista-XBOX360-part2/Assassins Creed 3 (EU - AS) - Disc-1.iso
Assassins Creed 3 (EU - AS) - Disc-2.iso,https://archive.org/download/CentralArquivista-XBOX360-part2/Assassins Creed 3 (EU - AS) - Disc-2.iso
Assassins Creed 3 (EU) (Rev-1) - Disc-1.iso,https://archive.org/download/CentralArquivista-XBOX360-part2/Assassins Creed 3 (EU) (Rev-1) - Disc-1.iso
Assassins Creed 3 (EU) (Rev-1) - Disc-2.iso,https://archive.org/download/CentralArquivista-XBOX360-part2/Assassins Creed 3 (EU) (Rev-1) - Disc-2.iso
Assassins Creed 3 (EU) - Disc-1.iso,https://archive.org/download/CentralArquivista-XBOX360-part2/Assassins Creed 3 (EU) - Disc-1.iso
Assassins Creed 3 (EU) - Disc-2.iso,https://archive.org/download/CentralArquivista-XBOX360-part2/Assassins Creed 3 (EU) - Disc-2.iso
Assassins Creed 3 (JP - KO) - Disc-1.iso,https://archive.org/download/CentralArquivista-XBOX360-part2/Assassins Creed 3 (JP - KO) - Disc-1.iso
Assassins Creed 3 (JP - KO) - Disc-2.iso,https://archive.org/download/CentralArquivista-XBOX360-part2/Assassins Creed 3 (JP - KO) - Disc-2.iso
Assassins Creed 3 (US) (Multiplayer) (Rev-1) - Disc-2.iso,https://archive.org/download/CentralArquivista-XBOX360-part2/Assassins Creed 3 (US) (Multiplayer) (Rev-1) - Disc-2.iso
Assassins Creed 3 (US) (Multiplayer) - Disc-2.iso,https://archive.org/download/CentralArquivista-XBOX360-part2/Assassins Creed 3 (US) (Multiplayer) - Disc-2.iso
Assassins Creed 3 (US) (Single-player) (Rev-1) - Disc-1.iso,https://archive.org/download/CentralArquivista-XBOX360-part2/Assassins Creed 3 (US) (Single-player) (Rev-1) - Disc-1.iso
Assassins Creed 3 (US) (Single-player) - Disc-1.iso,https://archive.org/download/CentralArquivista-XBOX360-part2/Assassins Creed 3 (US) (Single-player) - Disc-1.iso
Assassins Creed 4 - Black Flag (EU) (Multiplayer) - Disc-2.iso,https://archive.org/download/CentralArquivista-XBOX360-part2/Assassins Creed 4 - Black Flag (EU) (Multiplayer) - Disc-2.iso
Assassins Creed 4 - Black Flag (EU) - Disc-1.iso,https://archive.org/download/CentralArquivista-XBOX360-part2/Assassins Creed 4 - Black Flag (EU) - Disc-1.iso
Assassins Creed 4 - Black Flag (JP - KO) (Multiplayer) - Disc-2.iso,https://archive.org/download/CentralArquivista-XBOX360-part2/Assassins Creed 4 - Black Flag (JP - KO) (Multiplayer) - Disc-2.iso
Assassins Creed 4 - Black Flag (JP - KO) - Disc-1.iso,https://archive.org/download/CentralArquivista-XBOX360-part2/Assassins Creed 4 - Black Flag (JP - KO) - Disc-1.iso
Assassins Creed 4 - Black Flag (UK - AU) - Disc-1.iso,https://archive.org/download/CentralArquivista-XBOX360-part2/Assassins Creed 4 - Black Flag (UK - AU) - Disc-1.iso
Assassins Creed 4 - Black Flag (UK - AU) - Disc-2.iso,https://archive.org/download/CentralArquivista-XBOX360-part2/Assassins Creed 4 - Black Flag (UK - AU) - Disc-2.iso
Assassins Creed 4 - Black Flag (US - EU) - Disc-1.iso,https://archive.org/download/CentralArquivista-XBOX360-part2/Assassins Creed 4 - Black Flag (US - EU) - Disc-1.iso
Assassins Creed 4 - Black Flag (US - EU) - Disc-2.iso,https://archive.org/download/CentralArquivista-XBOX360-part2/Assassins Creed 4 - Black Flag (US - EU) - Disc-2.iso
Asterix at the Olympic Games (CA).iso,https://archive.org/download/CentralArquivista-XBOX360-part2/Asterix at the Olympic Games (CA).iso
Asuras Wrath (WR).iso,https://archive.org/download/CentralArquivista-XBOX360-part2/Asuras Wrath (WR).iso
Atsumare! Pinata (JP).iso,https://archive.org/download/CentralArquivista-XBOX360-part2/Atsumare! Pinata (JP).iso
Attack of the Movies 3-D (US).iso,https://archive.org/download/CentralArquivista-XBOX360-part2/Attack of the Movies 3-D (US).iso
Autobahn Polizei (US).iso,https://archive.org/download/CentralArquivista-XBOX360-part2/Autobahn Polizei (US).iso
Back to the Future - The Game - 30th Anniversary Edition (US).iso,https://archive.org/download/CentralArquivista-XBOX360-part2/Back to the Future - The Game - 30th Anniversary Edition (US).iso
Backbreaker (US - EU).iso,https://archive.org/download/CentralArquivista-XBOX360-part2/Backbreaker (US - EU).iso
Backyard Sports - Rookie Rush (US).iso,https://archive.org/download/CentralArquivista-XBOX360-part2/Backyard Sports - Rookie Rush (US).iso
Backyard Sports - Sandlot Sluggers (US).iso,https://archive.org/download/CentralArquivista-XBOX360-part2/Backyard Sports - Sandlot Sluggers (US).iso
Baja - Edge of Control (EU).iso,https://archive.org/download/CentralArquivista-XBOX360-part2/Baja - Edge of Control (EU).iso
Baja - Edge of Control (US).iso,https://archive.org/download/CentralArquivista-XBOX360-part2/Baja - Edge of Control (US).iso
Bakugan - Battle Brawlers (US).iso,https://archive.org/download/CentralArquivista-XBOX360-part2/Bakugan - Battle Brawlers (US).iso
Bakugan - Defenders of the Core (US).iso,https://archive.org/download/CentralArquivista-XBOX360-part2/Bakugan - Defenders of the Core (US).iso
Band Hero (US - EU).iso,https://archive.org/download/CentralArquivista-XBOX360-part2/Band Hero (US - EU).iso
BandFuse - Rock Legends (US).iso,https://archive.org/download/CentralArquivista-XBOX360-part2/BandFuse - Rock Legends (US).iso
Banjo-Kazooie - Nuts and Bolts (EU).iso,https://archive.org/download/CentralArquivista-XBOX360-part2/Banjo-Kazooie - Nuts and Bolts (EU).iso
Banjo-Kazooie - Nuts and Bolts (JP).iso,https://archive.org/download/CentralArquivista-XBOX360-part2/Banjo-Kazooie - Nuts and Bolts (JP).iso
Banjo-Kazooie - Nuts and Bolts (US).iso,https://archive.org/download/CentralArquivista-XBOX360-part2/Banjo-Kazooie - Nuts and Bolts (US).iso
Barbie and Her Sisters - Puppy Rescue (US).iso,https://archive.org/download/CentralArquivista-XBOX360-part2/Barbie and Her Sisters - Puppy Rescue (US).iso
Bass Pro Shops - The Hunt (US).iso,https://archive.org/download/CentralArquivista-XBOX360-part2/Bass Pro Shops - The Hunt (US).iso
Bass Pro Shops - The Strike (US).iso,https://archive.org/download/CentralArquivista-XBOX360-part2/Bass Pro Shops - The Strike (US).iso
Batman - Arkham Asylum (JP).iso,https://archive.org/download/CentralArquivista-XBOX360-part2/Batman - Arkham Asylum (JP).iso
Batman - Arkham Asylum (US - EU).iso,https://archive.org/download/CentralArquivista-XBOX360-part2/Batman - Arkham Asylum (US - EU).iso
Batman - Arkham Asylum - Game of the Year Edition (EU).iso,https://archive.org/download/CentralArquivista-XBOX360-part2/Batman - Arkham Asylum - Game of the Year Edition (EU).iso
Batman - Arkham Asylum - Game of the Year Edition (US).iso,https://archive.org/download/CentralArquivista-XBOX360-part2/Batman - Arkham Asylum - Game of the Year Edition (US).iso
Batman - Arkham City (WR).iso,https://archive.org/download/CentralArquivista-XBOX360-part2/Batman - Arkham City (WR).iso
Batman - Arkham City - Game of the Year Edition (US - EU) - Disc-1.iso,https://archive.org/download/CentralArquivista-XBOX360-part2/Batman - Arkham City - Game of the Year Edition (US - EU) - Disc-1.iso
Batman - Arkham City - Game of the Year Edition (US - EU) - Disc-2.iso,https://archive.org/download/CentralArquivista-XBOX360-part2/Batman - Arkham City - Game of the Year Edition (US - EU) - Disc-2.iso
Batman - Arkham Origins (BR) - Disc-1.iso,https://archive.org/download/CentralArquivista-XBOX360-part2/Batman - Arkham Origins (BR) - Disc-1.iso
Batman - Arkham Origins (BR) - Disc-2.iso,https://archive.org/download/CentralArquivista-XBOX360-part2/Batman - Arkham Origins (BR) - Disc-2.iso
Batman - Arkham Origins (US - EU) - Disc-1.iso,https://archive.org/download/CentralArquivista-XBOX360-part2/Batman - Arkham Origins (US - EU) - Disc-1.iso
Batman - Arkham Origins (US - EU) - Disc-2.iso,https://archive.org/download/CentralArquivista-XBOX360-part2/Batman - Arkham Origins (US - EU) - Disc-2.iso
Batman - The Telltale Series (US).iso,https://archive.org/download/CentralArquivista-XBOX360-part2/Batman - The Telltale Series (US).iso
Battle Fantasia (EU).iso,https://archive.org/download/CentralArquivista-XBOX360-part2/Battle Fantasia (EU).iso
Battle Fantasia (JP).iso,https://archive.org/download/CentralArquivista-XBOX360-part2/Battle Fantasia (JP).iso
Battle Fantasia (US).iso,https://archive.org/download/CentralArquivista-XBOX360-part2/Battle Fantasia (US).iso
Battle vs. Chess (EU).iso,https://archive.org/download/CentralArquivista-XBOX360-part2/Battle vs. Chess (EU).iso
Battlefield - Bad Company (EU) (Gold Edition).iso,https://archive.org/download/CentralArquivista-XBOX360-part2/Battlefield - Bad Company (EU) (Gold Edition).iso
Battlefield - Bad Company (EU).iso,https://archive.org/download/CentralArquivista-XBOX360-part2/Battlefield - Bad Company (EU).iso
Battlefield - Bad Company (JP).iso,https://archive.org/download/CentralArquivista-XBOX360-part2/Battlefield - Bad Company (JP).iso
Battlefield - Bad Company (US) (Gold Edition).iso,https://archive.org/download/CentralArquivista-XBOX360-part2/Battlefield - Bad Company (US) (Gold Edition).iso
Battlefield - Bad Company (US).iso,https://archive.org/download/CentralArquivista-XBOX360-part2/Battlefield - Bad Company (US).iso
Battlefield - Bad Company 2 (EU) (Limited Edition).iso,https://archive.org/download/CentralArquivista-XBOX360-part2/Battlefield - Bad Company 2 (EU) (Limited Edition).iso
Battlefield - Bad Company 2 (EU).iso,https://archive.org/download/CentralArquivista-XBOX360-part2/Battlefield - Bad Company 2 (EU).iso
Battlefield - Bad Company 2 (JP).iso,https://archive.org/download/CentralArquivista-XBOX360-part2/Battlefield - Bad Company 2 (JP).iso
Battlefield - Bad Company 2 (US - KR)).iso,https://archive.org/download/CentralArquivista-XBOX360-part2/Battlefield - Bad Company 2 (US - KR)).iso
Battlefield - Bad Company 2 (US) (Limited Edition).iso,https://archive.org/download/CentralArquivista-XBOX360-part2/Battlefield - Bad Company 2 (US) (Limited Edition).iso
Battlefield 2 - Modern Combat (DE).iso,https://archive.org/download/CentralArquivista-XBOX360-part2/Battlefield 2 - Modern Combat (DE).iso
Battlefield 2 - Modern Combat (ES).iso,https://archive.org/download/CentralArquivista-XBOX360-part2/Battlefield 2 - Modern Combat (ES).iso
Battlefield 2 - Modern Combat (EU).iso,https://archive.org/download/CentralArquivista-XBOX360-part2/Battlefield 2 - Modern Combat (EU).iso
Battlefield 2 - Modern Combat (IT).iso,https://archive.org/download/CentralArquivista-XBOX360-part2/Battlefield 2 - Modern Combat (IT).iso
Battlefield 2 - Modern Combat (JP).iso,https://archive.org/download/CentralArquivista-XBOX360-part2/Battlefield 2 - Modern Combat (JP).iso
Battlefield 2 - Modern Combat (US).iso,https://archive.org/download/CentralArquivista-XBOX360-part2/Battlefield 2 - Modern Combat (US).iso
Battlefield 3 (JP - KR) (Multiplay-COOP) - Disc-1.iso,https://archive.org/download/CentralArquivista-XBOX360-part2/Battlefield 3 (JP - KR) (Multiplay-COOP) - Disc-1.iso
Battlefield 3 (JP - KR) (Single-Play) - Disc-2.iso,https://archive.org/download/CentralArquivista-XBOX360-part2/Battlefield 3 (JP - KR) (Single-Play) - Disc-2.iso
Battlefield 3 (US - EU) (Multiplayer-Co-Op) - Disc-1.iso,https://archive.org/download/CentralArquivista-XBOX360-part2/Battlefield 3 (US - EU) (Multiplayer-Co-Op) - Disc-1.iso
Battlefield 3 (US - EU) (Single-Player Campaign) - Disc-2.iso,https://archive.org/download/CentralArquivista-XBOX360-part2/Battlefield 3 (US - EU) (Single-Player Campaign) - Disc-2.iso
Battlefield 4 (JP) - Disc-1.iso,https://archive.org/download/CentralArquivista-XBOX360-part2/Battlefield 4 (JP) - Disc-1.iso
Battlefield 4 (JP) - Disc-2.iso,https://archive.org/download/CentralArquivista-XBOX360-part2/Battlefield 4 (JP) - Disc-2.iso
Battlefield 4 (US - EU) - Disc-1.iso,https://archive.org/download/CentralArquivista-XBOX360-part2/Battlefield 4 (US - EU) - Disc-1.iso
Battlefield 4 (US - EU) - Disc-2.iso,https://archive.org/download/CentralArquivista-XBOX360-part2/Battlefield 4 (US - EU) - Disc-2.iso
Battlefield Hardline (US - EU) (Install-Multiplayer) - Disc-1.iso,https://archive.org/download/CentralArquivista-XBOX360-part2/Battlefield Hardline (US - EU) (Install-Multiplayer) - Disc-1.iso
Battlefield Hardline (US - EU) (Single Player) - Disc-2.iso,https://archive.org/download/CentralArquivista-XBOX360-part2/Battlefield Hardline (US - EU) (Single Player) - Disc-2.iso
Battleship (US).iso,https://archive.org/download/CentralArquivista-XBOX360-part2/Battleship (US).iso
Battlestations - Midway (JP).iso,https://archive.org/download/CentralArquivista-XBOX360-part2/Battlestations - Midway (JP).iso
Battlestations - Midway (US - EU).iso,https://archive.org/download/CentralArquivista-XBOX360-part2/Battlestations - Midway (US - EU).iso
Battlestations - Pacific (US).iso,https://archive.org/download/CentralArquivista-XBOX360-part2/Battlestations - Pacific (US).iso
Bayonetta (JP).iso,https://archive.org/download/CentralArquivista-XBOX360-part2/Bayonetta (JP).iso
Bayonetta (US - EU).iso,https://archive.org/download/CentralArquivista-XBOX360-part2/Bayonetta (US - EU).iso
Beautiful Katamari Damacy (JP - AS).iso,https://archive.org/download/CentralArquivista-XBOX360-part2/Beautiful Katamari Damacy (JP - AS).iso
Beijing 2008 (JP).iso,https://archive.org/download/CentralArquivista-XBOX360-part2/Beijing 2008 (JP).iso
Beijing 2008 (US - EU).iso,https://archive.org/download/CentralArquivista-XBOX360-part2/Beijing 2008 (US - EU).iso
Bejeweled 3 (EU).iso,https://archive.org/download/CentralArquivista-XBOX360-part2/Bejeweled 3 (EU).iso
Bejeweled 3 (US).iso,https://archive.org/download/CentralArquivista-XBOX360-part2/Bejeweled 3 (US).iso
Ben 10 - Alien Force - Vilgax Attacks (US - EU).iso,https://archive.org/download/CentralArquivista-XBOX360-part2/Ben 10 - Alien Force - Vilgax Attacks (US - EU).iso
Ben 10 - Galactic Racing (US - EU).iso,https://archive.org/download/CentralArquivista-XBOX360-part2/Ben 10 - Galactic Racing (US - EU).iso
Ben 10 - Omniverse (US).iso,https://archive.org/download/CentralArquivista-XBOX360-part2/Ben 10 - Omniverse (US).iso
Ben 10 - Omniverse 2 (US - EU).iso,https://archive.org/download/CentralArquivista-XBOX360-part2/Ben 10 - Omniverse 2 (US - EU).iso
Ben 10 - Ultimate Alien - Cosmic Destruction (US).iso,https://archive.org/download/CentralArquivista-XBOX360-part2/Ben 10 - Ultimate Alien - Cosmic Destruction (US).iso
Beowulf - The Game (US - EU).iso,https://archive.org/download/CentralArquivista-XBOX360-part2/Beowulf - The Game (US - EU).iso
Beautiful Katamari (EU).iso,https://archive.org/download/CentralArquivista-XBOX360-part3/Beautiful Katamari (EU).iso
Beautiful Katamari (US).iso,https://archive.org/download/CentralArquivista-XBOX360-part3/Beautiful Katamari (US).iso
Beijing 2008 (JP).iso,https://archive.org/download/CentralArquivista-XBOX360-part3/Beijing 2008 (JP).iso
Beijing 2008 (US - EU).iso,https://archive.org/download/CentralArquivista-XBOX360-part3/Beijing 2008 (US - EU).iso
Bejeweled 3 (EU).iso,https://archive.org/download/CentralArquivista-XBOX360-part3/Bejeweled 3 (EU).iso
Bejeweled 3 (US).iso,https://archive.org/download/CentralArquivista-XBOX360-part3/Bejeweled 3 (US).iso
Ben 10 - Alien Force - Vilgax Attacks (US - EU).iso,https://archive.org/download/CentralArquivista-XBOX360-part3/Ben 10 - Alien Force - Vilgax Attacks (US - EU).iso
Ben 10 - Galactic Racing (US - EU).iso,https://archive.org/download/CentralArquivista-XBOX360-part3/Ben 10 - Galactic Racing (US - EU).iso
Ben 10 - Omniverse (US).iso,https://archive.org/download/CentralArquivista-XBOX360-part3/Ben 10 - Omniverse (US).iso
Ben 10 - Omniverse 2 (US - EU).iso,https://archive.org/download/CentralArquivista-XBOX360-part3/Ben 10 - Omniverse 2 (US - EU).iso
Ben 10 - Ultimate Alien - Cosmic Destruction (US).iso,https://archive.org/download/CentralArquivista-XBOX360-part3/Ben 10 - Ultimate Alien - Cosmic Destruction (US).iso
Beowulf - The Game (US - EU).iso,https://archive.org/download/CentralArquivista-XBOX360-part3/Beowulf - The Game (US - EU).iso
Big League Sports (US).iso,https://archive.org/download/CentralArquivista-XBOX360-part3/Big League Sports (US).iso
Binary Domain (DE).iso,https://archive.org/download/CentralArquivista-XBOX360-part3/Binary Domain (DE).iso
Binary Domain (ES).iso,https://archive.org/download/CentralArquivista-XBOX360-part3/Binary Domain (ES).iso
Binary Domain (IT).iso,https://archive.org/download/CentralArquivista-XBOX360-part3/Binary Domain (IT).iso
Binary Domain (JP - EU).iso,https://archive.org/download/CentralArquivista-XBOX360-part3/Binary Domain (JP - EU).iso
Binary Domain (US).iso,https://archive.org/download/CentralArquivista-XBOX360-part3/Binary Domain (US).iso
BioShock (DE).iso,https://archive.org/download/CentralArquivista-XBOX360-part3/BioShock (DE).iso
BioShock (JP).iso,https://archive.org/download/CentralArquivista-XBOX360-part3/BioShock (JP).iso
BioShock (KO).iso,https://archive.org/download/CentralArquivista-XBOX360-part3/BioShock (KO).iso
BioShock (WR).iso,https://archive.org/download/CentralArquivista-XBOX360-part3/BioShock (WR).iso
BioShock - Ultimate Rapture Edition (US) (BioShock - Bonus Content).iso,https://archive.org/download/CentralArquivista-XBOX360-part3/BioShock - Ultimate Rapture Edition (US) (BioShock - Bonus Content).iso
BioShock - Ultimate Rapture Edition (US) (BioShock 2 - Bonus Content).iso,https://archive.org/download/CentralArquivista-XBOX360-part3/BioShock - Ultimate Rapture Edition (US) (BioShock 2 - Bonus Content).iso
BioShock 2 (EU).iso,https://archive.org/download/CentralArquivista-XBOX360-part3/BioShock 2 (EU).iso
BioShock 2 (JP).iso,https://archive.org/download/CentralArquivista-XBOX360-part3/BioShock 2 (JP).iso
BioShock 2 (KO).iso,https://archive.org/download/CentralArquivista-XBOX360-part3/BioShock 2 (KO).iso
BioShock 2 (US - EU).iso,https://archive.org/download/CentralArquivista-XBOX360-part3/BioShock 2 (US - EU).iso
BioShock Infinite (US - EU).iso,https://archive.org/download/CentralArquivista-XBOX360-part3/BioShock Infinite (US - EU).iso
BioShock Infinite - The Complete Edition - Bonus Content Disc (US).iso,https://archive.org/download/CentralArquivista-XBOX360-part3/BioShock Infinite - The Complete Edition - Bonus Content Disc (US).iso
Biohazard - Operation Raccoon City (JP).iso,https://archive.org/download/CentralArquivista-XBOX360-part3/Biohazard - Operation Raccoon City (JP).iso
Biohazard - Revival Selection (JP) (Biohazard - Code - Veronica - Kanzenban).iso,https://archive.org/download/CentralArquivista-XBOX360-part3/Biohazard - Revival Selection (JP) (Biohazard - Code - Veronica - Kanzenban).iso
Biohazard - Revival Selection (JP) (Biohazard 4).iso,https://archive.org/download/CentralArquivista-XBOX360-part3/Biohazard - Revival Selection (JP) (Biohazard 4).iso
Bionic Commando (JP).iso,https://archive.org/download/CentralArquivista-XBOX360-part3/Bionic Commando (JP).iso
Bionic Commando (US - EU).iso,https://archive.org/download/CentralArquivista-XBOX360-part3/Bionic Commando (US - EU).iso
Bionicle Heroes (US).iso,https://archive.org/download/CentralArquivista-XBOX360-part3/Bionicle Heroes (US).iso
Birds of Steel (EU).iso,https://archive.org/download/CentralArquivista-XBOX360-part3/Birds of Steel (EU).iso
Birds of Steel (US).iso,https://archive.org/download/CentralArquivista-XBOX360-part3/Birds of Steel (US).iso
Black College Football - The Xperience (US).iso,https://archive.org/download/CentralArquivista-XBOX360-part3/Black College Football - The Xperience (US).iso
BlackSite - Area 51 (US - EU).iso,https://archive.org/download/CentralArquivista-XBOX360-part3/BlackSite - Area 51 (US - EU).iso
Blackwater (US - EU).iso,https://archive.org/download/CentralArquivista-XBOX360-part3/Blackwater (US - EU).iso
Blades of Time (EU).iso,https://archive.org/download/CentralArquivista-XBOX360-part3/Blades of Time (EU).iso
Blades of Time (US).iso,https://archive.org/download/CentralArquivista-XBOX360-part3/Blades of Time (US).iso
Bladestorm - Hyakunen Sensou (JP).iso,https://archive.org/download/CentralArquivista-XBOX360-part3/Bladestorm - Hyakunen Sensou (JP).iso
Bladestorm - The Hundred Years War (EU).iso,https://archive.org/download/CentralArquivista-XBOX360-part3/Bladestorm - The Hundred Years War (EU).iso
Bladestorm - The Hundred Years War (US).iso,https://archive.org/download/CentralArquivista-XBOX360-part3/Bladestorm - The Hundred Years War (US).iso
BlazBlue - Calamity Trigger (EU).iso,https://archive.org/download/CentralArquivista-XBOX360-part3/BlazBlue - Calamity Trigger (EU).iso
BlazBlue - Calamity Trigger (US - JP).iso,https://archive.org/download/CentralArquivista-XBOX360-part3/BlazBlue - Calamity Trigger (US - JP).iso
BlazBlue - Continuum Shift (EU).iso,https://archive.org/download/CentralArquivista-XBOX360-part3/BlazBlue - Continuum Shift (EU).iso
BlazBlue - Continuum Shift (JP).iso,https://archive.org/download/CentralArquivista-XBOX360-part3/BlazBlue - Continuum Shift (JP).iso
BlazBlue - Continuum Shift (US).iso,https://archive.org/download/CentralArquivista-XBOX360-part3/BlazBlue - Continuum Shift (US).iso
BlazBlue - Continuum Shift Extend (EU).iso,https://archive.org/download/CentralArquivista-XBOX360-part3/BlazBlue - Continuum Shift Extend (EU).iso
BlazBlue - Continuum Shift Extend (JP).iso,https://archive.org/download/CentralArquivista-XBOX360-part3/BlazBlue - Continuum Shift Extend (JP).iso
BlazBlue - Continuum Shift Extend (US).iso,https://archive.org/download/CentralArquivista-XBOX360-part3/BlazBlue - Continuum Shift Extend (US).iso
Blazing Angels - Squadrons of WW2 (US).iso,https://archive.org/download/CentralArquivista-XBOX360-part3/Blazing Angels - Squadrons of WW2 (US).iso
Blazing Angels 2 - Secret Missions of WW2 (JP).iso,https://archive.org/download/CentralArquivista-XBOX360-part3/Blazing Angels 2 - Secret Missions of WW2 (JP).iso
Blazing Angels 2 - Secret Missions of WW2 (US).iso,https://archive.org/download/CentralArquivista-XBOX360-part3/Blazing Angels 2 - Secret Missions of WW2 (US).iso
Blitz - The League (US).iso,https://archive.org/download/CentralArquivista-XBOX360-part3/Blitz - The League (US).iso
Blitz - The League 2 (EU).iso,https://archive.org/download/CentralArquivista-XBOX360-part3/Blitz - The League 2 (EU).iso
Blood Bowl (EU).iso,https://archive.org/download/CentralArquivista-XBOX360-part3/Blood Bowl (EU).iso
Blood Bowl (US).iso,https://archive.org/download/CentralArquivista-XBOX360-part3/Blood Bowl (US).iso
Blood Drive (US).iso,https://archive.org/download/CentralArquivista-XBOX360-part3/Blood Drive (US).iso
"Blue Dragon (EU) (En,De,Es) (Disc-1).iso","https://archive.org/download/CentralArquivista-XBOX360-part3/Blue Dragon (EU) (En,De,Es) (Disc-1).iso"
"Blue Dragon (EU) (En,De,Es) (Disc-2).iso","https://archive.org/download/CentralArquivista-XBOX360-part3/Blue Dragon (EU) (En,De,Es) (Disc-2).iso"
"Blue Dragon (EU) (En,De,Es) (Disc-3).iso","https://archive.org/download/CentralArquivista-XBOX360-part3/Blue Dragon (EU) (En,De,Es) (Disc-3).iso"
"Blue Dragon (EU) (En,Fr,It) (Disc-1).iso","https://archive.org/download/CentralArquivista-XBOX360-part3/Blue Dragon (EU) (En,Fr,It) (Disc-1).iso"
"Blue Dragon (EU) (En,Fr,It) (Disc-2).iso","https://archive.org/download/CentralArquivista-XBOX360-part3/Blue Dragon (EU) (En,Fr,It) (Disc-2).iso"
"Blue Dragon (EU) (En,Fr,It) (Disc-3).iso","https://archive.org/download/CentralArquivista-XBOX360-part3/Blue Dragon (EU) (En,Fr,It) (Disc-3).iso"
Blue Dragon (JP) (Disc-1).iso,https://archive.org/download/CentralArquivista-XBOX360-part3/Blue Dragon (JP) (Disc-1).iso
Blue Dragon (JP) (Disc-2).iso,https://archive.org/download/CentralArquivista-XBOX360-part3/Blue Dragon (JP) (Disc-2).iso
Blue Dragon (JP) (Disc-3).iso,https://archive.org/download/CentralArquivista-XBOX360-part3/Blue Dragon (JP) (Disc-3).iso
Blue Dragon (US - EU) (Disc-1).iso,https://archive.org/download/CentralArquivista-XBOX360-part3/Blue Dragon (US - EU) (Disc-1).iso
Blue Dragon (US - EU) (Disc-2).iso,https://archive.org/download/CentralArquivista-XBOX360-part3/Blue Dragon (US - EU) (Disc-2).iso
Blue Dragon (US - EU) (Disc-3).iso,https://archive.org/download/CentralArquivista-XBOX360-part3/Blue Dragon (US - EU) (Disc-3).iso
Blur (US - EU).iso,https://archive.org/download/CentralArquivista-XBOX360-part3/Blur (US - EU).iso
Blur Racerz (JP).iso,https://archive.org/download/CentralArquivista-XBOX360-part3/Blur Racerz (JP).iso
Call of Duty - Black Ops (DE).iso,https://archive.org/download/CentralArquivista-XBOX360-part3/Call of Duty - Black Ops (DE).iso
Call of Duty - Black Ops (ES).iso,https://archive.org/download/CentralArquivista-XBOX360-part3/Call of Duty - Black Ops (ES).iso
Call of Duty - Black Ops (IT).iso,https://archive.org/download/CentralArquivista-XBOX360-part3/Call of Duty - Black Ops (IT).iso
Call of Duty - Black Ops (JP) (Fukikaeban).iso,https://archive.org/download/CentralArquivista-XBOX360-part3/Call of Duty - Black Ops (JP) (Fukikaeban).iso
Call of Duty - Black Ops (JP) (Jimakuban).iso,https://archive.org/download/CentralArquivista-XBOX360-part3/Call of Duty - Black Ops (JP) (Jimakuban).iso
Call of Duty - Black Ops (PL).iso,https://archive.org/download/CentralArquivista-XBOX360-part3/Call of Duty - Black Ops (PL).iso
Call of Duty - Black Ops (US - EU).iso,https://archive.org/download/CentralArquivista-XBOX360-part3/Call of Duty - Black Ops (US - EU).iso
Call of Duty - Black Ops 2 (BR).iso,https://archive.org/download/CentralArquivista-XBOX360-part3/Call of Duty - Black Ops 2 (BR).iso
Call of Duty - Black Ops 2 (DE).iso,https://archive.org/download/CentralArquivista-XBOX360-part3/Call of Duty - Black Ops 2 (DE).iso
Call of Duty - Black Ops 2 (ES).iso,https://archive.org/download/CentralArquivista-XBOX360-part3/Call of Duty - Black Ops 2 (ES).iso
Call of Duty - Black Ops 2 (IT).iso,https://archive.org/download/CentralArquivista-XBOX360-part3/Call of Duty - Black Ops 2 (IT).iso
Call of Duty - Black Ops 2 (JP) (Fukikaeban).iso,https://archive.org/download/CentralArquivista-XBOX360-part3/Call of Duty - Black Ops 2 (JP) (Fukikaeban).iso
Call of Duty - Black Ops 2 (JP) (Jimakuban).iso,https://archive.org/download/CentralArquivista-XBOX360-part3/Call of Duty - Black Ops 2 (JP) (Jimakuban).iso
Call of Duty - Black Ops 2 (WR).iso,https://archive.org/download/CentralArquivista-XBOX360-part3/Call of Duty - Black Ops 2 (WR).iso
Call of Duty - Black Ops 3 (JP).iso,https://archive.org/download/CentralArquivista-XBOX360-part3/Call of Duty - Black Ops 3 (JP).iso
Call of Duty - Black Ops 3 (US - EU).iso,https://archive.org/download/CentralArquivista-XBOX360-part3/Call of Duty - Black Ops 3 (US - EU).iso
Call of Duty - Advanced Warfare (BR) (Disco-do Jogo).iso,https://archive.org/download/CentralArquivista-XBOX360-part4/Call of Duty - Advanced Warfare (BR) (Disco-do Jogo).iso
Call of Duty - Advanced Warfare (DE) (Spieldisc).iso,https://archive.org/download/CentralArquivista-XBOX360-part4/Call of Duty - Advanced Warfare (DE) (Spieldisc).iso
Call of Duty - Advanced Warfare (ES) (Disco-de Juego).iso,https://archive.org/download/CentralArquivista-XBOX360-part4/Call of Duty - Advanced Warfare (ES) (Disco-de Juego).iso
Call of Duty - Advanced Warfare (FR) (Disque de Jeu).iso,https://archive.org/download/CentralArquivista-XBOX360-part4/Call of Duty - Advanced Warfare (FR) (Disque de Jeu).iso
Call of Duty - Advanced Warfare (IT) (Disco-di Gioco).iso,https://archive.org/download/CentralArquivista-XBOX360-part4/Call of Duty - Advanced Warfare (IT) (Disco-di Gioco).iso
Call of Duty - Advanced Warfare (JP) (Game Disc).iso,https://archive.org/download/CentralArquivista-XBOX360-part4/Call of Duty - Advanced Warfare (JP) (Game Disc).iso
Call of Duty - Advanced Warfare (JP) (Install Disc).iso,https://archive.org/download/CentralArquivista-XBOX360-part4/Call of Duty - Advanced Warfare (JP) (Install Disc).iso
Call of Duty - Advanced Warfare (US - EU) (Game Disc).iso,https://archive.org/download/CentralArquivista-XBOX360-part4/Call of Duty - Advanced Warfare (US - EU) (Game Disc).iso
Call of Duty - Advanced Warfare (US - EU) (Install Disc).iso,https://archive.org/download/CentralArquivista-XBOX360-part4/Call of Duty - Advanced Warfare (US - EU) (Install Disc).iso
Call of Duty - Ghosts (BR) (Disco-1) (Disco-do Jogo).iso,https://archive.org/download/CentralArquivista-XBOX360-part4/Call of Duty - Ghosts (BR) (Disco-1) (Disco-do Jogo).iso
Call of Duty - Ghosts (DE) (Disc-1) (Spieldisc).iso,https://archive.org/download/CentralArquivista-XBOX360-part4/Call of Duty - Ghosts (DE) (Disc-1) (Spieldisc).iso
Call of Duty - Ghosts (ES) (Disco-1) (Disco-de Juego).iso,https://archive.org/download/CentralArquivista-XBOX360-part4/Call of Duty - Ghosts (ES) (Disco-1) (Disco-de Juego).iso
Call of Duty - Ghosts (FR) (Disc-1) (Disque de Jeu).iso,https://archive.org/download/CentralArquivista-XBOX360-part4/Call of Duty - Ghosts (FR) (Disc-1) (Disque de Jeu).iso
Call of Duty - Ghosts (IT) (Disco-1) (Disco-di Gioco).iso,https://archive.org/download/CentralArquivista-XBOX360-part4/Call of Duty - Ghosts (IT) (Disco-1) (Disco-di Gioco).iso
Call of Duty - Ghosts (JP) (Disc-1) (Game Disc) (Fukikaeban).iso,https://archive.org/download/CentralArquivista-XBOX360-part4/Call of Duty - Ghosts (JP) (Disc-1) (Game Disc) (Fukikaeban).iso
Call of Duty - Ghosts (JP) (Disc-2) (Install Disc) (Fukikaeban).iso,https://archive.org/download/CentralArquivista-XBOX360-part4/Call of Duty - Ghosts (JP) (Disc-2) (Install Disc) (Fukikaeban).iso
Call of Duty - Ghosts (PL) (Disc-1) (Dysk Z Gra).iso,https://archive.org/download/CentralArquivista-XBOX360-part4/Call of Duty - Ghosts (PL) (Disc-1) (Dysk Z Gra).iso
Call of Duty - Ghosts (RU) (Disc-1) (Igrovoj).iso,https://archive.org/download/CentralArquivista-XBOX360-part4/Call of Duty - Ghosts (RU) (Disc-1) (Igrovoj).iso
Call of Duty - Ghosts (US - EU) (Disc-1) (Game Disc).iso,https://archive.org/download/CentralArquivista-XBOX360-part4/Call of Duty - Ghosts (US - EU) (Disc-1) (Game Disc).iso
Call of Duty - Ghosts (US - EU) (Disc-2) (Install Disc).iso,https://archive.org/download/CentralArquivista-XBOX360-part4/Call of Duty - Ghosts (US - EU) (Disc-2) (Install Disc).iso
Call of Duty - Modern Warfare 2 (DE).iso,https://archive.org/download/CentralArquivista-XBOX360-part4/Call of Duty - Modern Warfare 2 (DE).iso
Call of Duty - Modern Warfare 2 (ES).iso,https://archive.org/download/CentralArquivista-XBOX360-part4/Call of Duty - Modern Warfare 2 (ES).iso
Call of Duty - Modern Warfare 2 (IT).iso,https://archive.org/download/CentralArquivista-XBOX360-part4/Call of Duty - Modern Warfare 2 (IT).iso
Call of Duty - Modern Warfare 2 (JP).iso,https://archive.org/download/CentralArquivista-XBOX360-part4/Call of Duty - Modern Warfare 2 (JP).iso
Call of Duty - Modern Warfare 2 (US - EU).iso,https://archive.org/download/CentralArquivista-XBOX360-part4/Call of Duty - Modern Warfare 2 (US - EU).iso
Call of Duty - Modern Warfare 3 (DE).iso,https://archive.org/download/CentralArquivista-XBOX360-part4/Call of Duty - Modern Warfare 3 (DE).iso
Call of Duty - Modern Warfare 3 (ES).iso,https://archive.org/download/CentralArquivista-XBOX360-part4/Call of Duty - Modern Warfare 3 (ES).iso
Call of Duty - Modern Warfare 3 (FR).iso,https://archive.org/download/CentralArquivista-XBOX360-part4/Call of Duty - Modern Warfare 3 (FR).iso
Call of Duty - Modern Warfare 3 (IT).iso,https://archive.org/download/CentralArquivista-XBOX360-part4/Call of Duty - Modern Warfare 3 (IT).iso
Call of Duty - Modern Warfare 3 (JP) (Fukikaeban).iso,https://archive.org/download/CentralArquivista-XBOX360-part4/Call of Duty - Modern Warfare 3 (JP) (Fukikaeban).iso
Call of Duty - Modern Warfare 3 (JP) (Jimakuban).iso,https://archive.org/download/CentralArquivista-XBOX360-part4/Call of Duty - Modern Warfare 3 (JP) (Jimakuban).iso
Call of Duty - Modern Warfare 3 (US - EU).iso,https://archive.org/download/CentralArquivista-XBOX360-part4/Call of Duty - Modern Warfare 3 (US - EU).iso
Call of Duty - Modern Warfare 3 (US - KO).iso,https://archive.org/download/CentralArquivista-XBOX360-part4/Call of Duty - Modern Warfare 3 (US - KO).iso
Call of Duty - World at War (DE).iso,https://archive.org/download/CentralArquivista-XBOX360-part4/Call of Duty - World at War (DE).iso
Call of Duty - World at War (ES).iso,https://archive.org/download/CentralArquivista-XBOX360-part4/Call of Duty - World at War (ES).iso
Call of Duty - World at War (IT).iso,https://archive.org/download/CentralArquivista-XBOX360-part4/Call of Duty - World at War (IT).iso
Call of Duty - World at War (US - EU).iso,https://archive.org/download/CentralArquivista-XBOX360-part4/Call of Duty - World at War (US - EU).iso
Call of Duty 2 (DE).iso,https://archive.org/download/CentralArquivista-XBOX360-part4/Call of Duty 2 (DE).iso
Call of Duty 2 (ES).iso,https://archive.org/download/CentralArquivista-XBOX360-part4/Call of Duty 2 (ES).iso
Call of Duty 2 (IT).iso,https://archive.org/download/CentralArquivista-XBOX360-part4/Call of Duty 2 (IT).iso
Call of Duty 2 (JP).iso,https://archive.org/download/CentralArquivista-XBOX360-part4/Call of Duty 2 (JP).iso
Call of Duty 2 (US - EU).iso,https://archive.org/download/CentralArquivista-XBOX360-part4/Call of Duty 2 (US - EU).iso
Call of Duty 2 (US).iso,https://archive.org/download/CentralArquivista-XBOX360-part4/Call of Duty 2 (US).iso
Call of Duty 3 (DE).iso,https://archive.org/download/CentralArquivista-XBOX360-part4/Call of Duty 3 (DE).iso
Call of Duty 3 (EU).iso,https://archive.org/download/CentralArquivista-XBOX360-part4/Call of Duty 3 (EU).iso
Call of Duty 3 (JP).iso,https://archive.org/download/CentralArquivista-XBOX360-part4/Call of Duty 3 (JP).iso
Call of Duty 3 (US - EU).iso,https://archive.org/download/CentralArquivista-XBOX360-part4/Call of Duty 3 (US - EU).iso
Call of Duty 4 - Modern Warfare (DE).iso,https://archive.org/download/CentralArquivista-XBOX360-part4/Call of Duty 4 - Modern Warfare (DE).iso
Call of Duty 4 - Modern Warfare (ES).iso,https://archive.org/download/CentralArquivista-XBOX360-part4/Call of Duty 4 - Modern Warfare (ES).iso
Call of Duty 4 - Modern Warfare (IT).iso,https://archive.org/download/CentralArquivista-XBOX360-part4/Call of Duty 4 - Modern Warfare (IT).iso
Call of Duty 4 - Modern Warfare (JP).iso,https://archive.org/download/CentralArquivista-XBOX360-part4/Call of Duty 4 - Modern Warfare (JP).iso
Call of Duty 4 - Modern Warfare (US - EU).iso,https://archive.org/download/CentralArquivista-XBOX360-part4/Call of Duty 4 - Modern Warfare (US - EU).iso
